Название,Автор,Цена,Рейтинг
Magnet Neu. A1. Testheft (+CD),Motta,1 641,Нет рейтинга
Sicher! B1+. Arbeitsbuch mit Audio-CD. Deutsch als Fremdsprache,Perlmann-Balme,1 443,Нет рейтинга
Menschen im Beruf. Medizin. B2 - C1 (+CDmp3),Thommes,1 893,Нет рейтинга
Aspekte neu. B1 plus. Lehr- und Arbeitsbuch. Teil 1. Mittelstufe Deutsch (+CD),Koithan,3 668,Нет рейтинга
Momente. A1. Kursbuch plus interaktive Version,Evans,1 650,Нет рейтинга
,,,Нет рейтинга
,,,Нет рейтинга
,,,Нет рейтинга
,,,Нет рейтинга
,,,Нет рейтинга
